First Last,First,Last,Company,Domain
Endota Adelaide Cbd,Endota,Cbd,Endota Spa,www.endotaspa.com.au
Brad Banducci,Brad,Banducci,Woolworths Group Ltd,www.woolworthsgroup.com.au
Dhiren Shah,Dhiren,Shah,Domino's Pizza Enterprises Ltd,www.dominos.com.au
Tom Narkiewicz,Tom,Narkiewicz,Shopfittings Direct,www.shopfittingsdirect.com.au
Mark Leenaerts,Mark,Leenaerts,Cycles Galleria,www.cyclesgalleria.com.au
Edward Hartley,Edward,Hartley,Bluethumb,www.bluethumb.com.au
Hammad Raza,Hammad,Raza,Textile House,www.textile-house.com.au
Holly Kramer,Holly,Kramer,Best & Less Pty Ltd,www.bestandless.com.au
Danielle Mills,Danielle,Mills,Domino's Pizza Enterprises Ltd,www.dominos.com.au
Tony Foley,Tony,Foley,SEAGA Group Australia Pty. Ltd.,www.seagagroup.com.au
Paul Dumbrell,Paul,Dumbrell,Total Tools,www.totaltools.com.au
Alan Spalding,Alan,Spalding,Jimmy Possum Furniture,www.jimmypossum.com.au
Atif Shafi,Atif,Shafi,Lighting Illusions,www.lightingillusions.com.au
June Miyachi,June,Miyachi,Cartier Boutique,www.cartier.com
Melody Townsend,Melody,Townsend,Active Creatures,www.activecreatures.com
Jenny Yates,Jenny,Yates,Just Frame It,www.justframeit.com.au
Melissa Harris,Melissa,Harris,Melissa Harris Jewellery,www.melissaharrisjewellery.com
Richard Vincent,Richard,Vincent,Australian Pharmaceutical Industries Ltd,www.api.net.au
Angus Harris,Angus,Harris,Harris Farm Markets Pty Ltd.,www.harrisfarm.com.au
Yosuke Hall,,,Internet Services Australia 3 Pty Limited,www.zanui.com.au
