Website;;;;;
www.frankbody.com;;;;;
www.nakedtan.com.au;;;;;
www.streat.com.au;;;;;
www.bassike.com;;;;;
www.marklobertgallery.com.au;;;;;
www.camixa.com;;;;;
www.lamav.com;;;;;
www.auscellardoor.com.au;;;;;
www.summerlane.com.au;;;;;
www.vanessaaustralia.com.au;;;;;
www.banksjournal.com;;;;;
www.forbiddenfoods.com.au;;;;;
www.cablemelbourne.com;;;;;
www.thespecialdeliverycompany.com.au;;;;;
www.santandabel.com;;;;;
www.shonajoy.com.au;;;;;
www.aussieskier.com;;;;;
www.damselfly.com.au;;;;;
www.whogivesacrap.org;;;;;
www.hominginstincts.com.au;;;;;
www.trajanscimed.com;;;;;
www.napoleonperdis.com;;;;;
www.storageking.com.au;;;;;
www.castleandcubby.com.au;;;;;
www.sweat.com;;;;;
www.simplyforstrings.com.au;;;;;
www.stitchandstory.com;;;;;
www.mrvitamins.com.au;;;;;
www.interiorsecrets.com.au;;;;;
www.mesop.com;;;;;
www.linneys.com.au;;;;;
www.cyclesgalleria.com.au;;;;;
www.melissaharrisjewellery.com;;;;;
www.harrisfarm.com.au;;;;;
www.republicaorganic.com.au;;;;;
www.fowleswine.com;;;;;
www.gingerandsmart.com;;;;;
www.riotstores.com.au;;;;;
www.gymandfitness.com.au;;;;;
www.kesterblack.com;;;;;
www.sassclothing.com.au;;;;;
www.bhumi.com.au;;;;;
www.culturekings.com.au;;;;;
www.papinelle.com;;;;;
www.vani-t.com;;;;;
www.dinosaurdesigns.com.au;;;;;
www.pastiche.com.au;;;;;
www.plyroom.com.au;;;;;
www.powerpod.net;;;;;
www.thebeardedchap.com;;;;;
www.nakedvice.com.au;;;;;
www.hismileteeth.com;;;;;
www.revereshoes.com;;;;;
www.beginningboutique.com.au;;;;;
www.lyteelectrical.com.au;;;;;
www.sarahandsebastian.com;;;;;
www.elixirdebeaute.com.au;;;;;
www.jackstillman.com.au;;;;;
www.nuraphone.com;;;;;
www.thewinegallery.com.au;;;;;
www.hamptonshouse.com.au;;;;;
www.cameoco.com.au;;;;;
www.aimementoring.com;;;;;
www.saint.cc;;;;;
www.workwearhub.com.au;;;;;
www.runwayroom.com;;;;;
www.centrestagedancewear.com.au;;;;;
www.mirandahifi.com;;;;;
www.eurekamums.org;;;;;
www.alllifting.com.au;;;;;
www.firstpresscoffee.com;;;;;
www.littleurchin.com.au;;;;;
www.joolca.com.au;;;;;
www.visitmarketfair.com.au;;;;;
www.droneit.com.au;;;;;
www.matchbox.com.au;;;;;
www.kurandawholefoods.com.au;;;;;
www.korango.com;;;;;
www.banjoandmatilda.com;;;;;
www.monsterthreads.com.au;;;;;
www.decjuba.com.au;;;;;
www.koraorganics.com;;;;;
www.footgear.com.au;;;;;
www.zamels.com.au;;;;;
www.williecreekpearls.com.au;;;;;
www.milu.com.au;;;;;
www.springhillfarm.com.au;;;;;
www.morlife.com;;;;;
www.bevilles.com.au;;;;;
www.solemotive.com;;;;;
www.koala.com;;;;;
www.hammockheaven.com.au;;;;;
www.futuretronics.com.au;;;;;
www.project82.com.au;;;;;
www.spacemakerwardrobes.com.au;;;;;
www.citizenwatches.com.au;;;;;
www.irvingandpowell.com;;;;;
www.downtherabbitholewines.com.au;;;;;
www.petersheppard.com.au;;;;;
www.adorne.com.au;;;;;
www.childrenofthetribe.com;;;;;
www.nimbleactivewear.com;;;;;
www.clarkrubber.com.au;;;;;
www.jamfactory.com.au;;;;;
www.tableculture.com.au;;;;;
www.jasminorganics.com;;;;;
www.feathers.com.au;;;;;
www.schwartzmedia.com.au;;;;;
www.cultdesign.com.au;;;;;
www.rootsandwings.com.au;;;;;
www.boody.com.au;;;;;
www.barneycools.com;;;;;
www.teamm8.com;;;;;
www.dineamic.com.au;;;;;
www.camilla.com.au;;;;;
www.h2coconut.com;;;;;
www.quecolour.com;;;;;
www.youfoodz.com;;;;;
www.memobottle.com;;;;;
www.homeindustry.com.au;;;;;
www.amacron.com.au;;;;;
www.farmwall.com.au;;;;;
www.naturesecrets.com.au;;;;;
www.bbox.com.au;;;;;
www.cheesetherapy.com.au;;;;;
www.foodiescollective.com.au;;;;;
www.archondesigns.com;;;;;
www.jasonl.com.au;;;;;
www.magnani.com.au;;;;;
;;;;;
;;;;;
;;;;;
;;;;;
;;;;;
;;;;;
;;;;;
;;;;;
;;;;;
;;;;;
;;;;;
;;;;;
;;;;;
;;;;;
;;;;;
;;;;;
;;;;;
;;;;;
;;;;;
;;;;;
;;;;;
;;;;;
;;;;;
;;;;;
;;;;;
;;;;;
;;;;;
;;;;;
;;;;;
;;;;;
;;;;;
;;;;;
;;;;;
;;;;;
;;;;;
;;;;;
;;;;;
;;;;;
;;;;;
;;;;;
;;;;;
;;;;;
;;;;;
;;;;;
;;;;;
;;;;;
;;;;;
;;;;;
;;;;;
;;;;;
;;;;;
;;;;;
;;;;;
;;;;;
;;;;;
;;;;;
;;;;;
;;;;;
;;;;;
;;;;;
;;;;;
;;;;;
;;;;;
;;;;;
;;;;;
;;;;;
;;;;;
;;;;;
;;;;;
;;;;;
;;;;;
;;;;;
;;;;;
;;;;;
;;;;;
;;;;;
;;;;;
;;;;;
;;;;;
;;;;;
;;;;;
;;;;;
;;;;;
;;;;;
;;;;;
;;;;;
;;;;;
;;;;;
;;;;;
;;;;;
;;;;;
;;;;;
;;;;;
;;;;;
;;;;;
;;;;;
;;;;;
;;;;;
;;;;;
;;;;;
;;;;;
;;;;;
;;;;;
;;;;;
;;;;;
;;;;;
;;;;;
;;;;;
;;;;;
;;;;;
;;;;;
;;;;;
;;;;;
;;;;;
;;;;;
;;;;;
;;;;;
;;;;;
;;;;;
;;;;;
;;;;;
;;;;;
;;;;;
;;;;;
;;;;;
;;;;;
;;;;;
;;;;;
;;;;;
;;;;;
;;;;;
;;;;;
;;;;;
;;;;;
;;;;;
;;;;;
